6 ALDERSGATE CT,6 Aldersgate Ct,Randallstown,21133,MD
8426 ALLENSWOOD RD,8426 Allenswood Rd,Randallstown,21133,MD
8444 ALLENSWOOD RD,8444 Allenswood Rd,Randallstown,21133,MD
8501 ALLENSWOOD RD,8501 Allenswood Rd,Randallstown,21133,MD
8612 ALLENSWOOD RD,8612 Allenswood Rd,Randallstown,21133,MD
8630 ALLENSWOOD RD,8630 Allenswood Rd,Randallstown,21133,MD
1041 ARNCLIFFE RD,1041 Arncliffe Rd,Essex,21221,MD
32 BADGER GATE CT,32 Badger Gate Ct,Catonsville,21228,MD
5300 BANGERT ST,5300 Bangert St,White Marsh,21162,MD
5304 BANGERT ST,5304 Bangert St,White Marsh,21162,MD
12000 BELAIR RD,12000 Belair Rd,Kingsville,21087,MD
12265 BONMOT PL,12265 Bonmot Pl,Reisterstown,21136,MD
12298 BONMOT PL,12298 Bonmot Pl,Reisterstown,21136,MD
10 BYWAY RD,10 Byway Rd,Owings Mills,21117,MD
17 BYWAY RD,17 Byway Rd,Owings Mills,21117,MD
8 BYWAY RD,8 Byway Rd,Owings Mills,21117,MD
7711 CHARLESMONT RD,7711 Charlesmont Rd,Dundalk,21222,MD
7713 CHARLESMONT RD,7713 Charlesmont Rd,Dundalk,21222,MD
318 W CHERRY HILL CT,318 W Cherry Hill Ct,Reisterstown,21136,MD
3607 COURTLEIGH DR,3607 Courtleigh Dr,Randallstown,21133,MD
7810 DEBOY AVE,7810 Deboy Ave,Dundalk,21222,MD
3844 ELMCROFT RD,3844 Elmcroft Rd,Randallstown,21133,MD
3 ENJAY AVE,3 Enjay Ave,Catonsville,21228,MD
54 EWING DR,54 Ewing Dr,Reisterstown,21136,MD
2802 GARNET RD,2802 Garnet Rd,Parkville,21234,MD
2808 GARNET RD,2808 Garnet Rd,Parkville,21234,MD
233 GENTLEBROOK RD,233 Gentlebrook Rd,Owings Mills,21117,MD
232 GLYNDON DR,232 Glyndon Dr,Reisterstown,21136,MD
6701 GOLDEN RING RD,6701 Golden Ring Rd,Rosedale,21237,MD
12378 GREENSPRING AVE,12378 Greenspring Ave,Owings Mills,21117,MD
28 HOLCUMB CT,28 Holcumb Ct,Middle River,21220,MD
13 KATURAH LN,13 Katurah Ln,Owings Mills,21117,MD
8376 KAVANAGH RD,8376 Kavanagh Rd,Dundalk,21222,MD
8416 KAVANAGH RD,8416 Kavanagh Rd,Dundalk,21222,MD
2062 LARKHALL RD,2062 Larkhall Rd,Dundalk,21222,MD
2544 LIBERTY PKWY,2544 Liberty Pkwy,Dundalk,21222,MD
2212 MILLRIDGE RD,2212 Millridge Rd,Owings Mills,21117,MD
4912 OLD COURT RD,4912 Old Court Rd,Randallstown,21133,MD
5008 OLD COURT RD,5008 Old Court Rd,Randallstown,21133,MD
14200 OLD HANOVER RD,14200 Old Hanover Rd,Reisterstown,21136,MD
7511 OLD HARFORD RD,7511 Old Harford Rd,Parkville,21234,MD
8109 PLEASANT PLAINS RD,8109 Pleasant Plains Rd,Towson,21286,MD
10918 POWERS AVE,10918 Powers Ave,Cockeysville,21030,MD
5469 PRINCESS DR,5469 Princess Dr,Rosedale,21237,MD
3517 SEA PINES CIR,3517 Sea Pines Cir,Randallstown,21133,MD
4884 SHELLBARK RD,4884 Shellbark Rd,Owings Mills,21117,MD
9944 SHOSHONE WAY,9944 Shoshone Way,Randallstown,21133,MD
13 SILENTWOOD CT,13 Silentwood Ct,Owings Mills,21117,MD
4408 SILVERBROOK LN K302,4408 Silverbrook Ln,Owings Mills,21117,MD
12021 STONEY BATTER RD,12021 Stoney Batter Rd,Kingsville,21087,MD
810 SUBURBIAN RD,810 Suburbian Rd,Reisterstown,21136,MD
109 S SYMINGTON AVE,109 S Symington Ave,Catonsville,21228,MD
12006 TARRAGON RD UNIT F,12006 Tarragon Rd,Reisterstown,21136,MD
4917 TARTAN HILL RD,4917 Tartan Hill Rd,Perry Hall,21128,MD
11224 THOMPSON AVE,11224 Thompson Ave,Reisterstown,21136,MD
325 TIMBER GROVE RD,325 Timber Grove Rd,Owings Mills,21117,MD
2233 VAILTHORN RD,2233 Vailthorn Rd,Middle River,21220,MD
4 WOODBENCH CT,4 Woodbench Ct,Reisterstown,21136,MD
35 WOODENBRIDGE CT,35 Woodenbridge Ct,Reisterstown,21136,MD
